Country,Year,GDP_per_capita
Israel,2018,43814.3
Palestine,2018,6342.9
Israel,2019,44580.8
Palestine,2019,6269.9
Israel,2020,42915.9
Palestine,2020,5423.7
Israel,2021,46162.1
Palestine,2021,5663.1
Israel,2022,48098.2
Palestine,2022,5753.1
Israel,2023,47527.2
Palestine,2023,5361.1
Israel,2024,47338.8
Palestine,2024,3845.5
