Country,Year,Food_Insecurity_Percent
Israel,2018,12.2
Palestine,2018,26.3
Israel,2019,12.7
Palestine,2019,26.8
Israel,2020,12.2
Palestine,2020,27.8
Israel,2021,9.7
Palestine,2021,28.4
Israel,2022,7.4
Palestine,2022,28.1
Israel,2023,7.2
Palestine,2023,27.4
Israel,2024,9.2
Palestine,2024,27.0
